articleDetailUrl,articleTitle,avatarUrl,commentCount,favorCount,hotRankScore,nickName,userName,viewCount
https://blog.csdn.net/weixin_41055260/article/details/118947036,10W+字C语言硬核总结（一），值得阅读收藏！,https://profile.csdnimg.cn/2/3/9/3_weixin_41055260,35,1399,87816,C语言与CPP编程,weixin_41055260,13120
https://blog.csdn.net/u011074149/article/details/119021355,❤️学妹竟然问struct和class的区别❤️，我一篇文讲的明明白白！,https://profile.csdnimg.cn/1/3/2/3_u011074149,81,110,55803,Linux猿,u011074149,5236
https://blog.csdn.net/qing_gee/article/details/118926858,奉劝各位准大一的学弟学妹们，这个暑假只要作对一件事，大学的时候你就是王者！,https://profile.csdnimg.cn/9/1/2/3_qing_gee,91,432,43532,沉默王二,qing_gee,21430
https://blog.csdn.net/m0_46190471/article/details/119002858,C语言和命令行之间的交互,https://profile.csdnimg.cn/7/F/9/3_m0_46190471,9,10,34591,Jackey_Song_Odd,m0_46190471,245
https://blog.csdn.net/locahuang/article/details/119010907,C++内存管理--详谈,https://profile.csdnimg.cn/0/B/8/3_locahuang,5,32,33527,夏之七,locahuang,310
https://blog.csdn.net/chongbin007/article/details/118546815,C语言 —— 回调函数,https://profile.csdnimg.cn/8/4/8/3_chongbin007,9,74,31620,Charles Ren,chongbin007,1250
https://blog.csdn.net/kingJamesbond/article/details/118976358,罗马数字转整数（手撕lc),https://profile.csdnimg.cn/5/B/9/3_kingjamesbond,16,4,31291,Alfred king,kingJamesbond,874
https://blog.csdn.net/qq_17623363/article/details/118913468,初学者对C语言中指针的爱恨情仇,https://profile.csdnimg.cn/2/A/B/3_qq_17623363,8,67,27875,手撕代码八百里,qq_17623363,1033
https://blog.csdn.net/qq_44918090/article/details/118881443,【C++从青铜到王者】第十四篇:STL之stack类的初识和模拟实现,https://profile.csdnimg.cn/B/B/7/3_qq_44918090,9,4,27167,森明帮大于黑虎帮,qq_44918090,317
https://blog.csdn.net/weixin_42482896/article/details/119009134,C++20新特性总结,https://profile.csdnimg.cn/A/4/5/3_weixin_42482896,4,11,25887,柚子树cc,weixin_42482896,217
https://blog.csdn.net/qq_44921056/article/details/118852544,万字C语言学习笔记，带你学C带你飞（二）,https://profile.csdnimg.cn/B/3/C/3_qq_44921056,12,11,25155,远方的星,qq_44921056,94
https://blog.csdn.net/m0_51174487/article/details/118936420,深入理解C/C++中的指针,https://profile.csdnimg.cn/E/8/4/3_m0_51174487,6,16,25111,鬼才fjz,m0_51174487,294
https://blog.csdn.net/cd_yourheart/article/details/118968817,C++：通过多态实现接口并生成dll和lib文件的小例子,https://profile.csdnimg.cn/4/E/C/3_cd_yourheart,4,3,23006,六月的翅膀,cd_yourheart,90
https://blog.csdn.net/jiratao/article/details/118961558,C++实践之Qt学习（六）：Qt设计器之常用控件、布局和样式,https://profile.csdnimg.cn/B/E/B/3_jiratao,2,7,22678,努力学习_提高自己,jiratao,103
https://blog.csdn.net/weixin_44225182/article/details/117385189,【动画消消乐｜CSS】079.单span标签实现自定义简易过渡动画,https://profile.csdnimg.cn/E/D/A/3_weixin_44225182,9,12,22236,海轰Pro,weixin_44225182,330
https://blog.csdn.net/weixin_53790347/article/details/118861897,C++学习笔记,https://profile.csdnimg.cn/2/F/1/3_weixin_53790347,35,20,21678,OIqng,weixin_53790347,107
https://blog.csdn.net/Ja_king_/article/details/118788704,自我介绍以及如何从编程小白变大佬,https://profile.csdnimg.cn/3/E/A/3_ja_king_,34,16,20942,Ja_king_,Ja_king_,983
https://blog.csdn.net/weixin_47958522/article/details/118893261,C语言基础（连载中）,https://profile.csdnimg.cn/8/8/5/3_weixin_47958522,8,43,20703,老北鼻唱着小情歌,weixin_47958522,612
https://blog.csdn.net/LINZEYU666/article/details/118941521,343-C++复习(1),https://profile.csdnimg.cn/E/2/4/3_linzeyu666,5,7,20702,-林泽宇,LINZEYU666,231
https://blog.csdn.net/chenlong_cxy/article/details/118932318,C++STL详解（二）—— string类的模拟实现,https://profile.csdnimg.cn/F/C/8/3_chenlong_cxy,28,11,19467,2021dragon,chenlong_cxy,611
https://blog.csdn.net/weixin_51983604/article/details/119023499,【C++】STL(一)string类的使用,https://profile.csdnimg.cn/F/9/B/3_weixin_51983604,16,5,17974,山舟,weixin_51983604,153
https://blog.csdn.net/m0_59139260/article/details/118916563,揭开C语言神秘的面纱，简单的C语言程序,https://profile.csdnimg.cn/C/6/0/3_m0_59139260,6,1,16044,未见花闻,m0_59139260,157
https://blog.csdn.net/beiweitongxingou/article/details/119022778,基于PyQT5实现垃圾分类小程序,https://profile.csdnimg.cn/D/8/C/3_beiweitongxingou,1,0,15521,卑微通信GOU住CS,beiweitongxingou,131
https://blog.csdn.net/wangz76/article/details/119046447,用sfml（c++）写消消乐游戏（三消）,https://profile.csdnimg.cn/C/2/3/3_wangz76,3,3,15410,wangz76,wangz76,48
https://blog.csdn.net/weixin_47792933/article/details/118968469,动态内存管理（动态内存函数的介绍，c/c++经典笔试题，柔性数组）,https://profile.csdnimg.cn/6/7/5/3_weixin_47792933,2,4,15123,小海浪.,weixin_47792933,108
https://blog.csdn.net/qq_52363432/article/details/119026973,初识C语言（Ⅰ）,https://profile.csdnimg.cn/2/5/D/3_qq_52363432,0,0,14671,你帅你先说.,qq_52363432,15
https://blog.csdn.net/weixin_45054982/article/details/119045843,C语言结构体指针-学习笔记(十七),https://profile.csdnimg.cn/3/9/5/3_weixin_45054982,0,4,14534,陌上云木,weixin_45054982,46
https://blog.csdn.net/CodeBowl/article/details/119045016,C++内功修炼干货，进大厂必须会的C++左值与右值，最适合小白看的文章！,https://profile.csdnimg.cn/4/E/F/3_codebowl,10,2,14361,CodeBowl,CodeBowl,426
https://blog.csdn.net/Bruce_Qee/article/details/119009913,C语言常用的几个工具函数,https://profile.csdnimg.cn/A/7/C/3_bruce_qee,0,2,14234,博园君,Bruce_Qee,18
https://blog.csdn.net/qq_45326605/article/details/119041587,[菜鸟到大佬]第二篇C++类和对象(上),https://profile.csdnimg.cn/6/4/1/3_qq_45326605,5,0,14085,贫僧爱用飘柔,qq_45326605,20
https://blog.csdn.net/qq_43498137/article/details/119042136,C++ 编程学习总结！,https://profile.csdnimg.cn/F/B/C/3_qq_43498137,0,0,14072,子羽丿,qq_43498137,86
https://blog.csdn.net/qq_55439426/article/details/119003621,c生万物之初识c语言,https://profile.csdnimg.cn/1/2/C/3_qq_55439426,8,1,14064,花嵩,qq_55439426,521
https://blog.csdn.net/qq_41437512/article/details/119044720,Windows配置Gtkmm开发环境(with codeblocks),https://profile.csdnimg.cn/A/F/8/3_qq_41437512,0,1,14040,zorchp,qq_41437512,14
https://blog.csdn.net/weixin_51325294/article/details/119045343,【c++从菜鸡到王者】第六篇：详解晦涩难懂的c++语法,https://profile.csdnimg.cn/3/1/4/3_weixin_51325294,0,0,14031,Sefr后端,weixin_51325294,13
https://blog.csdn.net/weixin_51188609/article/details/119024606,C++偶数位和,https://profile.csdnimg.cn/2/8/E/3_weixin_51188609,0,1,13998,隽言,weixin_51188609,10
https://blog.csdn.net/weixin_37950545/article/details/118914887,《More Effictive C++》学习笔记 — 基础议题 操作符 异常,https://profile.csdnimg.cn/F/8/5/3_weixin_37950545,2,1,13992,coding-zwh,weixin_37950545,30
https://blog.csdn.net/m0_54206076/article/details/119045705,2021-07-23 C++ primer 16.41：编写一个新的 sum 版本，它的返回类型保证足够大，足以容纳加法结果,https://profile.csdnimg.cn/8/6/E/3_m0_54206076,0,0,13989,Lance_LinHb,m0_54206076,16
https://blog.csdn.net/qq_36536255/article/details/119046173,.T-primes,https://profile.csdnimg.cn/7/D/B/3_qq_36536255,0,0,13984,FlyLamb,qq_36536255,6
https://blog.csdn.net/qq_45824115/article/details/119043991,C++面向对象程序设计上 2 Class with pointer members,https://profile.csdnimg.cn/0/B/8/3_qq_45824115,0,1,13984,零子若,qq_45824115,2
https://blog.csdn.net/CircaOVO/article/details/119045888,一个用C++和C语言思想简单实现的学生管理系统,https://profile.csdnimg.cn/E/D/8/3_circaovo,0,0,13971,认真撸代码的小权,CircaOVO,61
https://blog.csdn.net/qq_42734415/article/details/119045589,C变量以及生命周期和作用域_7_23,https://profile.csdnimg.cn/0/5/C/3_qq_42734415,0,0,13959,qq_42734415,qq_42734415,8
https://blog.csdn.net/qq_33375598/article/details/119045213,只要函数不发射异常，就添加noexcept声明(C++11/14)—————C++2.0第七讲,https://profile.csdnimg.cn/6/5/5/3_qq_33375598,0,0,13958,繁星蓝雨,qq_33375598,10
https://blog.csdn.net/pds1123/article/details/119045801,VS2019 C++ const char* 类型的实参与char *类型的形参不兼容解决办法,https://profile.csdnimg.cn/B/F/2/3_pds1123,0,0,13948,mfsv,pds1123,9
https://blog.csdn.net/frighting_ing/article/details/119043900,C语言（郝斌）内容整理,https://profile.csdnimg.cn/6/7/7/3_frighting_ing,2,1,13938,frighting_ing,frighting_ing,24
https://blog.csdn.net/CUBE_lotus/article/details/119044709,常用容器查找函数find()使用小结（C++）,https://profile.csdnimg.cn/7/0/2/3_cube_lotus,0,0,13937,天赐细莲,CUBE_lotus,15
https://blog.csdn.net/qq413886183/article/details/119038751,C++:电话号码的字符组合,https://profile.csdnimg.cn/6/5/9/3_qq413886183,3,0,13931,花洛兮灬,qq413886183,12
https://blog.csdn.net/zhangjiachen2001/article/details/119043611,一起来玩Linux！,https://profile.csdnimg.cn/1/F/4/3_zhangjiachen2001,0,0,13925,张家辰,zhangjiachen2001,5
https://blog.csdn.net/caoDanLife/article/details/119043605,C++模板那些事儿,https://profile.csdnimg.cn/F/E/A/3_caodanlife,0,0,13919,Shadw227,caoDanLife,2
https://blog.csdn.net/F_eng135/article/details/119044916,c++纯虚函数、类的组合、多态性学习记录,https://profile.csdnimg.cn/F/2/B/3_f_eng135,0,0,13909,F_eng135,F_eng135,19
https://blog.csdn.net/qq_52648173/article/details/119045049,C语言指针,https://profile.csdnimg.cn/6/F/3/3_qq_52648173,0,0,13893,凉城未暖夜微凉,qq_52648173,15
https://blog.csdn.net/Morn_Star_Oliver/article/details/119045072,《C语言复习》-指针,https://profile.csdnimg.cn/5/3/C/3_morn_star_oliver,0,0,13893,Morn_Star_Oliver,Morn_Star_Oliver,1
https://blog.csdn.net/m0_55283616/article/details/119042407,入门C语言第一天：初识C语言（1）,https://profile.csdnimg.cn/C/B/C/3_m0_55283616,0,0,13892,@A云淡风轻,m0_55283616,12
https://blog.csdn.net/weixin_43580319/article/details/119044976,C++-new(p) T1(value)；,https://profile.csdnimg.cn/0/6/7/3_weixin_43580319,0,0,13889,天津 唐秙,weixin_43580319,9
https://blog.csdn.net/m0_53117341/article/details/119044937,C语言网-运算符及基础运算,https://profile.csdnimg.cn/2/4/4/3_m0_53117341,0,0,13887,加勒比海涛,m0_53117341,6
https://blog.csdn.net/ruanjianxueyuan113/article/details/119044955,C++不懂的知识点记录,https://profile.csdnimg.cn/4/C/5/3_ruanjianxueyuan113,0,0,13885,ruanjianxueyuan113,ruanjianxueyuan113,1
https://blog.csdn.net/m0_60436147/article/details/119042395,C语言辅助函数,https://profile.csdnimg.cn/D/B/C/3_m0_60436147,0,0,13883,m0_60436147,m0_60436147,10
https://blog.csdn.net/asdasdde/article/details/119044748,C++_member template成员模板,https://profile.csdnimg.cn/3/8/3/3_asdasdde,0,0,13873,I'M渣渣,asdasdde,3
https://blog.csdn.net/qq_27149449/article/details/119044652,C语言下，日志的打印等级与特殊的宏定义,https://profile.csdnimg.cn/A/5/6/3_qq_27149449,0,0,13868,end_宿命,qq_27149449,4
https://blog.csdn.net/Pbw_666/article/details/119043419,c++字符串基础,https://profile.csdnimg.cn/0/1/3/3_pbw_666,0,0,13866,雨xuan,Pbw_666,2
https://blog.csdn.net/fpcc/article/details/119042761,跟我学c++中级篇——STL中的时间日期处理,https://profile.csdnimg.cn/2/5/E/3_fpcc,0,1,13863,fpcc,fpcc,6
https://blog.csdn.net/Hesye/article/details/119036086,vs2019 无法定位程序输入点(qt项目生成的exe),https://profile.csdnimg.cn/4/E/E/3_hesye,1,0,13860,顾城也说唱,Hesye,12
https://blog.csdn.net/m0_52290532/article/details/119043972,C语言：近期所学知识汇总（4）,https://profile.csdnimg.cn/8/6/D/3_m0_52290532,0,0,13853,是小飞象啦啦啦,m0_52290532,7
https://blog.csdn.net/qq_60338528/article/details/119044216,C语言笔记3,https://profile.csdnimg.cn/9/9/E/3_qq_60338528,0,0,13846,△776,qq_60338528,2
https://blog.csdn.net/weixin_45910068/article/details/117518983,C语言新手关机整蛊程序,https://profile.csdnimg.cn/A/8/6/3_weixin_45910068,0,0,13841,-YIN,weixin_45910068,2
https://blog.csdn.net/qq_59476403/article/details/119042129,C++---------------＞第八天，C++关键字、异常处理、转化函数、智能指针,https://profile.csdnimg.cn/7/D/B/3_qq_59476403,0,1,13837,旅人520,qq_59476403,17
https://blog.csdn.net/Iiverson2000/article/details/118946837,C++初阶--string模拟实现,https://profile.csdnimg.cn/B/3/6/3_iiverson2000,0,0,13830,Aiverrr2000,Iiverson2000,4
https://blog.csdn.net/lzksword/article/details/119043966,C++ Builder xe 关于FolderDialog1的自定义显示位置,https://profile.csdnimg.cn/9/7/6/3_lzksword,0,0,13827,lzksword,lzksword,2
https://blog.csdn.net/hltt3838/article/details/119043672,C++中的continue、break、return的区别,https://profile.csdnimg.cn/B/7/3/3_hltt3838,0,0,13821,贵在坚持，不忘初心,hltt3838,4
https://blog.csdn.net/qq_35140742/article/details/119043896,C++之派生类向上转型赋值基类,https://profile.csdnimg.cn/7/B/1/3_qq_35140742,0,0,13821,阿吉的CV之路,qq_35140742,6
https://blog.csdn.net/cnds123/article/details/119043873,C++ 预处理器指令介绍,https://profile.csdnimg.cn/2/4/B/3_cnds123,0,1,13820,软件技术学习开发爱好者,cnds123,26
https://blog.csdn.net/m0_52513940/article/details/119038922,C++构造函数和析构函数,https://profile.csdnimg.cn/9/F/A/3_m0_52513940,0,0,13819,澂玙,m0_52513940,3
https://blog.csdn.net/wasser_7/article/details/119043837,c语言求阶乘,https://profile.csdnimg.cn/E/1/3/3_wasser_7,0,0,13818,wasser_7,wasser_7,6
https://blog.csdn.net/jq0123/article/details/119043735,Visual Studio 2019 Compiler Hangs,https://profile.csdnimg.cn/6/F/C/3_jq0123,0,0,13811,金庆,jq0123,7
https://blog.csdn.net/qq_20527023/article/details/119038504,【算法笔记】第二章——C/C++快速入门笔记,https://profile.csdnimg.cn/4/3/2/3_qq_20527023,0,0,13808,奇怪的苏苏苏,qq_20527023,3
https://blog.csdn.net/weixin_39752599/article/details/119043688,c语言-sizeof区别与联系,https://profile.csdnimg.cn/3/2/6/3_weixin_39752599,0,0,13806,游京僧-书曦,weixin_39752599,5
https://blog.csdn.net/qq_44836676/article/details/119043001,C++容器之Map,https://profile.csdnimg.cn/4/6/8/3_qq_44836676,0,0,13805,#时代不杀菜鸡#,qq_44836676,7
https://blog.csdn.net/weixin_48203710/article/details/119042709,C++查看系统补丁安装时间,https://profile.csdnimg.cn/D/6/D/3_weixin_48203710,0,0,13800,嘤3,weixin_48203710,4
https://blog.csdn.net/weixin_43458201/article/details/119039593,【C++学习笔记】类与对象--定义与实例化,https://profile.csdnimg.cn/A/7/7/3_weixin_43458201,0,0,13791,听船歌声声慢,weixin_43458201,5
https://blog.csdn.net/weixin_44016361/article/details/119043109,“保姆级 ”windows10 vs2019配置OPENGL教程,https://profile.csdnimg.cn/D/4/C/3_weixin_44016361,0,0,13783,小码农emm,weixin_44016361,11
https://blog.csdn.net/huadong_xiaolin/article/details/119043292,C++ STL,https://profile.csdnimg.cn/A/8/B/3_huadong_xiaolin,0,0,13778,huadong_xiaolin,huadong_xiaolin,1
https://blog.csdn.net/qq_60225495/article/details/119043268,#C++第一章#：C++初探,https://profile.csdnimg.cn/3/A/8/3_qq_60225495,0,0,13777,顾流芳,qq_60225495,28
https://blog.csdn.net/m0_56912916/article/details/119043012,杭电OJ 2009 C语言版 已通过,https://profile.csdnimg.cn/7/2/0/3_m0_56912916,0,0,13762,时微光觅,m0_56912916,13
https://blog.csdn.net/m0_46381590/article/details/119041906,C++算法数论/数学总结,https://profile.csdnimg.cn/D/6/9/3_m0_46381590,0,0,13749,天天向前张同学,m0_46381590,23
https://blog.csdn.net/m0_59063052/article/details/119040280,用C语言输出9*9乘法表,https://profile.csdnimg.cn/D/D/8/3_m0_59063052,0,0,13741,久留不见i,m0_59063052,5
https://blog.csdn.net/qq_43392292/article/details/119042553,程序设计与算法（一）C语言程序设计,https://profile.csdnimg.cn/1/E/7/3_qq_43392292,0,0,13736,等风先生,qq_43392292,8
https://blog.csdn.net/weixin_44706018/article/details/119042290,配置Jetson XAVIER NX串口通信，不使用union传递浮点数,https://profile.csdnimg.cn/0/2/3/3_weixin_44706018,0,0,13732,HatcherRobotics,weixin_44706018,1
https://blog.csdn.net/qq_52844923/article/details/118943865,《C++快速入门》（小甲鱼）1,https://profile.csdnimg.cn/1/6/B/3_qq_52844923,0,0,13731,阿拉马坠德,qq_52844923,3
https://blog.csdn.net/zhangqianqian57/article/details/119035834,详谈c++中的虚函数,https://profile.csdnimg.cn/8/8/C/3_zhangqianqian57,0,0,13731,不想讀研的研究僧,zhangqianqian57,9
https://blog.csdn.net/weixin_43679037/article/details/119028008,C++ 11/14/17线程同步对象（7/23未完待续）,https://profile.csdnimg.cn/2/4/3/3_weixin_43679037,0,0,13730,谢白羽,weixin_43679037,20
https://blog.csdn.net/weixin_43736572/article/details/118991057,【PAT】第六章 C++标准模板库介绍,https://profile.csdnimg.cn/7/C/D/3_weixin_43736572,0,0,13722,呜哇哇,weixin_43736572,12
https://blog.csdn.net/weixin_45267504/article/details/119042323,C语言基础-斐波那契数列,https://profile.csdnimg.cn/4/D/6/3_weixin_45267504,0,0,13720,黑盒科技,weixin_45267504,6
https://blog.csdn.net/G1842965496/article/details/119042154,公司员工管理系统（C++多态实现）,https://profile.csdnimg.cn/9/E/D/3_g1842965496,0,0,13719,@小高同学,G1842965496,2
https://blog.csdn.net/m0_46156900/article/details/119042223,真的解决：from Crypto.Cipher import AES报错问题,https://profile.csdnimg.cn/6/2/2/3_m0_46156900,0,0,13718,一起偷偷打螺丝吗,m0_46156900,3
https://blog.csdn.net/weixin_51532797/article/details/119042018,string,https://profile.csdnimg.cn/D/C/0/3_weixin_51532797,0,0,13706,k24独,weixin_51532797,4
https://blog.csdn.net/weixin_45928404/article/details/119041543,C++ 实现 httpserver (mongoose),https://profile.csdnimg.cn/B/1/1/3_weixin_45928404,0,0,13686,HahaHidy,weixin_45928404,0
https://blog.csdn.net/haostart_/article/details/119039179,学习PyQt后的一次综合实例,https://profile.csdnimg.cn/E/E/0/3_haostart_,0,0,13683,haostart_,haostart_,2
https://blog.csdn.net/weixin_42403122/article/details/119040867,c语言中左移、右移、取反、位与、位或,https://profile.csdnimg.cn/8/8/C/3_weixin_42403122,0,0,13676,拾柒47,weixin_42403122,0
https://blog.csdn.net/m0_46571920/article/details/119041259,C++语法-01-while循环特殊用法,https://profile.csdnimg.cn/A/5/0/3_m0_46571920,0,0,13672,爪洼ing,m0_46571920,5
https://blog.csdn.net/weixin_42291624/article/details/118994888,基于MinGW-w64编译器套件的VS Code环境配置（C语言/C++）全流程 && 手把手傻瓜式教学,https://profile.csdnimg.cn/5/9/3/3_weixin_42291624,0,0,13667,傻傻的雯子～,weixin_42291624,14
https://blog.csdn.net/m0_57967586/article/details/119041352,【C++编程】N0.2 基础快捷键与注释,https://profile.csdnimg.cn/7/4/D/3_m0_57967586,0,0,13667,灌木君,m0_57967586,0
